REGION	POS	REF	ALT	REF_DP	REF_RV	REF_QUAL	ALT_DP	ALT_RV	ALT_QUAL	ALT_FREQ	TOTAL_DP	PVAL	PASS	GFF_FEATURE	REF_CODON	REF_AA	ALT_CODON	ALT_AA
MN908947.3	8344	C	-TGT	56	19	65	2	0	20	0.0208333	96	0.142157	FALSE	NA	NA	NA	NA	NA
MN908947.3	8368	G	A	58	23	66	1	1	78	0.0169492	59	0.364198	FALSE	CDS:ENSSASP00005000003	GCG	A	GCA	A
MN908947.3	8368	G	A	58	23	66	1	1	78	0.0169492	59	0.364198	FALSE	CDS:ENSSASP00005000002	GCG	A	GCA	A
MN908947.3	8643	T	C	26	19	59	1	0	71	0.037037	27	0.385714	FALSE	CDS:ENSSASP00005000003	GTT	V	GCT	A
MN908947.3	8643	T	C	26	19	59	1	0	71	0.037037	27	0.385714	FALSE	CDS:ENSSASP00005000002	GTT	V	GCT	A
MN908947.3	8650	C	-A	16	10	63	2	0	20	0.0714286	28	0.154545	FALSE	NA	NA	NA	NA	NA
MN908947.3	22531	A	G	112	34	59	1	0	33	0.00884956	113	0.377926	FALSE	CDS:ENSSASP00005000004	ACA	T	ACG	T
MN908947.3	22545	G	T	174	50	60	1	0	76	0.00571429	175	0.383772	FALSE	CDS:ENSSASP00005000004	AGA	R	ATA	I
MN908947.3	22576	T	C	286	96	64	1	0	77	0.00348432	287	0.372244	FALSE	CDS:ENSSASP00005000004	TTT	F	TTC	F
MN908947.3	22602	T	C	319	114	65	1	1	78	0.003125	320	0.369515	FALSE	CDS:ENSSASP00005000004	TTT	F	TCT	S
MN908947.3	22620	G	T	366	149	68	1	0	49	0.0027248	367	0.3577	FALSE	CDS:ENSSASP00005000004	TGG	W	TTG	L
MN908947.3	22623	A	G	381	153	68	1	0	77	0.0026178	382	0.358013	FALSE	CDS:ENSSASP00005000004	AAC	N	AGC	S
MN908947.3	22637	A	G	401	167	69	1	0	78	0.00248756	402	0.355124	FALSE	CDS:ENSSASP00005000004	AGC	S	GGC	G
MN908947.3	22645	T	C	428	213	73	1	1	77	0.002331	429	0.341289	FALSE	CDS:ENSSASP00005000004	TGT	C	TGC	C
MN908947.3	22654	T	C	447	226	74	2	1	37	0.00445434	449	0.115708	FALSE	CDS:ENSSASP00005000004	GAT	D	GAC	D
MN908947.3	22660	T	C	446	225	74	1	0	77	0.00223714	447	0.340183	FALSE	CDS:ENSSASP00005000004	TCT	S	TCC	S
MN908947.3	22663	C	T	445	225	74	1	1	35	0.00224215	446	0.340198	FALSE	CDS:ENSSASP00005000004	GTC	V	GTT	V
MN908947.3	22664	C	-TA	446	226	74	810	0	20	0.935335	866	4.64146e-241	TRUE	NA	NA	NA	NA	NA
MN908947.3	22676	G	A	446	230	74	1	1	78	0.00223714	447	0.340183	FALSE	CDS:ENSSASP00005000004	GCA	A	ACA	T
MN908947.3	22705	A	G	496	256	72	1	1	77	0.00201207	497	0.340878	FALSE	CDS:ENSSASP00005000004	GGA	G	GGG	G
MN908947.3	22710	C	T	482	248	73	1	0	78	0.00207039	483	0.342553	FALSE	CDS:ENSSASP00005000004	TCT	S	TTT	F
MN908947.3	22739	A	G	499	263	73	1	0	77	0.002	500	0.341997	FALSE	CDS:ENSSASP00005000004	ACT	T	GCT	A
MN908947.3	22751	G	A	471	254	74	1	0	76	0.00211864	472	0.341287	FALSE	CDS:ENSSASP00005000004	GCA	A	ACA	T
MN908947.3	22759	A	T	427	228	74	1	0	32	0.00233645	428	0.341036	FALSE	CDS:ENSSASP00005000004	TCA	S	TCT	S
MN908947.3	22761	T	C	427	228	74	1	0	75	0.00233645	428	0.341036	FALSE	CDS:ENSSASP00005000004	TTT	F	TCT	S
MN908947.3	22777	T	C	437	238	72	1	1	76	0.00228311	438	0.345972	FALSE	CDS:ENSSASP00005000004	GAT	D	GAC	D
MN908947.3	22780	A	G	434	238	71	1	1	72	0.00229885	435	0.349398	FALSE	CDS:ENSSASP00005000004	GAA	E	GAG	E
MN908947.3	22782	T	C	421	233	70	1	0	72	0.00236967	422	0.35079	FALSE	CDS:ENSSASP00005000004	GTC	V	GCC	A
MN908947.3	22798	A	G	413	242	67	1	0	76	0.00241546	414	0.361888	FALSE	CDS:ENSSASP00005000004	CCA	P	CCG	P
MN908947.3	22816	T	C	371	225	66	1	1	77	0.00268817	372	0.368317	FALSE	CDS:ENSSASP00005000004	ATT	I	ATC	I
MN908947.3	22850	A	T	343	215	62	1	0	77	0.00290698	344	0.377193	FALSE	CDS:ENSSASP00005000004	ACA	T	TCA	S
MN908947.3	22859	G	A	303	197	61	2	1	38	0.00655738	305	0.145056	FALSE	CDS:ENSSASP00005000004	GTT	V	ATT	I
MN908947.3	22870	G	T	174	109	60	1	1	39	0.00571429	175	0.385463	FALSE	CDS:ENSSASP00005000004	TGG	W	TGT	C
